timestamp,frame_number,track_id,class,distance_m,midas_disparity_50_pct,median_50_pct,median_30_pct,median_20_pct,median_full,bbox_xyxy
2026-09-05T16:00:08.740+00:00,134,1,person,1.0,828.89013671875,828.89013671875,829.8385009765625,829.4017333984375,754.5862426757812,"[175,175,475,479]"
2026-09-05T16:00:08.972+00:00,135,1,person,1.0,803.8460693359375,803.8460693359375,804.3070068359375,803.943115234375,731.588134765625,"[177,176,475,479]"
2026-09-05T16:00:09.176+00:00,136,1,person,1.0,788.711669921875,788.711669921875,789.3699340820312,789.0386962890625,690.45166015625,"[177,176,475,479]"
2026-09-05T16:00:09.432+00:00,137,1,person,1.0,832.4593505859375,832.4593505859375,833.452392578125,833.0557861328125,733.9959716796875,"[177,176,475,479]"
2026-09-05T16:00:09.647+00:00,138,1,person,1.0,842.1033935546875,842.1033935546875,843.3240966796875,843.075439453125,748.8720703125,"[177,176,475,479]"
2026-09-05T16:00:09.844+00:00,139,1,person,1.0,808.0392456054688,808.0392456054688,809.438232421875,809.1881713867188,715.4232788085938,"[178,177,475,479]"
2026-09-05T16:00:10.041+00:00,140,1,person,1.0,805.47119140625,805.47119140625,806.134033203125,805.4398193359375,736.46630859375,"[177,177,474,479]"
2026-09-05T16:00:10.326+00:00,141,1,person,1.0,794.704345703125,794.704345703125,795.4379272460938,794.7583618164062,737.518798828125,"[176,177,474,479]"
2026-09-05T16:00:10.571+00:00,142,1,person,1.0,806.6490478515625,806.6490478515625,807.5355224609375,806.967529296875,731.9829711914062,"[176,177,475,479]"
2026-09-05T16:00:10.833+00:00,143,1,person,1.0,824.931396484375,824.931396484375,825.9759521484375,825.3460693359375,744.473876953125,"[176,178,474,479]"
2026-09-05T16:00:11.047+00:00,144,1,person,1.0,854.2922973632812,854.2922973632812,855.1356201171875,854.8311767578125,763.6942138671875,"[176,178,474,479]"
2026-09-05T16:00:11.301+00:00,145,1,person,1.0,846.7178955078125,846.7178955078125,847.854248046875,847.6416625976562,751.7354125976562,"[176,178,474,479]"
2026-09-05T16:00:11.545+00:00,146,1,person,1.0,866.5115966796875,866.5115966796875,867.6801147460938,867.4356689453125,753.8898315429688,"[176,177,474,479]"
2026-09-05T16:00:11.752+00:00,147,1,person,1.0,814.46337890625,814.46337890625,815.3700561523438,814.8663940429688,723.8654174804688,"[177,177,474,479]"
2026-09-05T16:00:11.952+00:00,148,1,person,1.0,829.3672485351562,829.3672485351562,830.7955322265625,830.5110473632812,734.4279174804688,"[178,178,475,479]"
2026-09-05T16:00:12.159+00:00,149,1,person,1.0,833.2758178710938,833.2758178710938,834.8604125976562,834.6431274414062,700.3768920898438,"[178,178,475,479]"
2026-09-05T16:00:12.364+00:00,150,1,person,1.0,820.015625,820.015625,821.67724609375,821.2086181640625,725.3984375,"[179,178,476,479]"
2026-09-05T16:00:12.572+00:00,151,1,person,1.0,908.0584106445312,908.0584106445312,910.49609375,910.2889404296875,775.4097900390625,"[180,178,478,479]"
2026-09-05T16:00:12.774+00:00,152,1,person,1.0,857.0621337890625,857.0621337890625,858.7841796875,858.651123046875,734.3619995117188,"[182,180,478,479]"
2026-09-05T16:00:12.982+00:00,153,1,person,1.0,914.4898071289062,914.4898071289062,916.1981811523438,915.97900390625,803.4700317382812,"[183,182,478,479]"
2026-09-05T16:00:13.186+00:00,154,1,person,1.0,849.62109375,849.62109375,851.1663818359375,850.621337890625,753.2377319335938,"[183,183,481,479]"
2026-09-05T16:00:13.379+00:00,155,1,person,1.0,877.9853515625,877.9853515625,879.786865234375,879.2195434570312,801.8970947265625,"[184,183,482,479]"
2026-09-05T16:00:13.584+00:00,156,1,person,1.0,870.599853515625,870.599853515625,871.7212524414062,871.0548095703125,799.6936645507812,"[185,183,482,479]"
2026-09-05T16:00:13.789+00:00,157,1,person,1.0,825.375244140625,825.375244140625,826.4891967773438,826.265380859375,743.7403564453125,"[185,181,482,479]"
2026-09-05T16:00:13.999+00:00,158,1,person,1.0,884.4368896484375,884.4368896484375,885.7230224609375,885.4859619140625,804.1695556640625,"[185,180,481,479]"
2026-09-05T16:00:14.200+00:00,159,1,person,1.0,814.1837158203125,814.1837158203125,816.33203125,816.091552734375,739.4207763671875,"[184,177,481,479]"
2026-09-05T16:00:14.409+00:00,160,1,person,1.0,816.9495849609375,816.9495849609375,818.9285888671875,819.0546875,753.5142822265625,"[184,177,481,479]"
2026-09-05T16:00:14.611+00:00,161,1,person,1.0,862.82470703125,862.82470703125,864.49560546875,864.7636108398438,771.7578735351562,"[184,176,483,479]"
2026-09-05T16:00:14.820+00:00,162,1,person,1.0,817.91015625,817.91015625,819.173583984375,819.336669921875,739.1229248046875,"[184,176,482,479]"
2026-09-05T16:00:15.026+00:00,163,1,person,1.0,808.8833618164062,808.8833618164062,810.1080322265625,810.1910400390625,744.3812866210938,"[185,176,483,479]"
2026-09-05T16:00:53.992+00:00,301,1,person,1.5,671.4360961914062,671.4360961914062,676.1019897460938,676.8125610351562,602.0297241210938,"[224,266,427,479]"
2026-09-05T16:00:54.228+00:00,302,1,person,1.5,729.416748046875,729.416748046875,737.36279296875,739.2469482421875,657.654541015625,"[225,265,431,479]"
2026-09-05T16:00:54.425+00:00,303,1,person,1.5,741.7744140625,741.7744140625,748.7513427734375,750.10498046875,678.6924438476562,"[224,265,431,479]"
2026-09-05T16:00:54.627+00:00,304,1,person,1.5,729.1009521484375,729.1009521484375,736.5598754882812,738.5805053710938,650.503173828125,"[224,264,431,479]"
2026-09-05T16:00:54.820+00:00,305,1,person,1.5,754.69384765625,754.69384765625,763.549560546875,765.8301391601562,689.9362182617188,"[224,264,431,479]"
2026-09-05T16:00:55.011+00:00,306,1,person,1.5,737.6494750976562,737.6494750976562,745.1287841796875,747.5225830078125,672.8177490234375,"[224,264,431,479]"
2026-09-05T16:00:55.211+00:00,307,1,person,1.5,686.795166015625,686.795166015625,693.7216796875,695.0125732421875,613.3151245117188,"[225,264,431,479]"
2026-09-05T16:00:55.400+00:00,308,1,person,1.5,678.043701171875,678.043701171875,684.6553344726562,685.9354248046875,611.2474975585938,"[225,264,430,479]"
2026-09-05T16:00:55.599+00:00,309,1,person,1.5,721.50146484375,721.50146484375,727.3408813476562,728.4315185546875,651.43212890625,"[224,264,430,479]"
2026-09-05T16:00:55.799+00:00,310,1,person,1.5,707.4688720703125,707.4688720703125,713.2615356445312,713.99072265625,629.6878662109375,"[224,264,430,479]"
2026-09-05T16:00:55.999+00:00,311,1,person,1.5,701.6686401367188,701.6686401367188,708.23974609375,710.065185546875,633.3595581054688,"[224,264,430,479]"
2026-09-05T16:00:56.201+00:00,312,1,person,1.5,745.2656860351562,745.2656860351562,751.5865478515625,752.496826171875,670.768798828125,"[224,264,430,479]"
2026-09-05T16:00:56.401+00:00,313,1,person,1.5,750.3593139648438,750.3593139648438,756.9193725585938,758.0309448242188,678.9877319335938,"[225,264,430,479]"
2026-09-05T16:00:56.600+00:00,314,1,person,1.5,786.9268798828125,786.9268798828125,794.9326171875,796.38232421875,712.6864013671875,"[225,264,430,479]"
2026-09-05T16:00:56.801+00:00,315,1,person,1.5,758.9639282226562,758.9639282226562,765.9571533203125,767.9263916015625,676.455078125,"[225,265,430,479]"
2026-09-05T16:00:57.001+00:00,316,1,person,1.5,728.61279296875,728.61279296875,734.9213256835938,735.7833251953125,663.3455200195312,"[225,264,431,479]"
2026-09-05T16:00:57.210+00:00,317,1,person,1.5,730.3029174804688,730.3029174804688,736.168701171875,737.26611328125,649.7706298828125,"[224,264,431,479]"
2026-09-05T16:00:57.416+00:00,318,1,person,1.5,723.156494140625,723.156494140625,728.5430908203125,729.5162353515625,653.147216796875,"[226,264,432,479]"
2026-09-05T16:00:57.619+00:00,319,1,person,1.5,723.8935546875,723.8935546875,731.0623168945312,731.9950561523438,656.5015869140625,"[226,264,431,479]"
2026-09-05T16:00:57.818+00:00,320,1,person,1.5,726.7183837890625,726.7183837890625,734.4909057617188,736.90380859375,647.2767944335938,"[227,265,432,479]"
2026-09-05T16:00:58.013+00:00,321,1,person,1.5,761.4429931640625,761.4429931640625,771.7252197265625,771.94775390625,661.5750732421875,"[228,265,432,479]"
2026-09-05T16:00:58.217+00:00,322,1,person,1.5,746.973388671875,746.973388671875,754.2518920898438,755.8565673828125,668.015625,"[227,265,433,479]"
2026-09-05T16:00:58.419+00:00,323,1,person,1.5,741.6707763671875,741.6707763671875,748.4112548828125,750.6973876953125,663.0215454101562,"[227,265,432,479]"
2026-09-05T16:00:58.620+00:00,324,1,person,1.5,724.71630859375,724.71630859375,730.432861328125,732.0612182617188,650.087158203125,"[227,265,431,479]"
2026-09-05T16:00:58.830+00:00,325,1,person,1.5,701.4298706054688,701.4298706054688,707.4083862304688,708.6676635742188,632.176025390625,"[226,265,430,479]"
2026-09-05T16:00:59.028+00:00,326,1,person,1.5,721.349609375,721.349609375,727.3252563476562,728.3585205078125,654.3634033203125,"[225,265,430,479]"
2026-09-05T16:00:59.228+00:00,327,1,person,1.5,737.498779296875,737.498779296875,744.754638671875,746.1273193359375,665.2538452148438,"[225,265,430,479]"
2026-09-05T16:00:59.437+00:00,328,1,person,1.5,655.2316284179688,655.2316284179688,660.8250122070312,662.2858276367188,589.6277465820312,"[226,266,431,479]"
2026-09-05T16:00:59.632+00:00,329,1,person,1.5,670.2294311523438,670.2294311523438,678.163330078125,680.2826538085938,597.0634155273438,"[227,266,431,479]"
2026-09-05T16:00:59.841+00:00,330,1,person,1.5,749.0615844726562,749.0615844726562,756.03466796875,757.4248657226562,667.6574096679688,"[227,266,431,479]"
2026-09-05T16:01:36.530+00:00,460,1,person,2.0,663.6484375,663.6484375,669.8347778320312,672.2469482421875,627.4268798828125,"[250,159,396,479]"
2026-09-05T16:01:36.787+00:00,461,1,person,2.0,513.3440551757812,513.3440551757812,517.82958984375,519.6317138671875,501.81146240234375,"[251,161,396,479]"
2026-09-05T16:01:36.999+00:00,462,1,person,2.0,616.3572387695312,616.3572387695312,623.1083984375,625.802490234375,599.518798828125,"[251,160,396,479]"
2026-09-05T16:01:37.213+00:00,463,1,person,2.0,705.4135131835938,705.4135131835938,710.3819580078125,713.050537109375,666.1848754882812,"[250,160,395,479]"
2026-09-05T16:01:37.427+00:00,464,1,person,2.0,693.8223266601562,693.8223266601562,698.3636474609375,699.9365844726562,650.1093139648438,"[250,160,395,479]"
2026-09-05T16:01:37.644+00:00,465,1,person,2.0,639.7326049804688,639.7326049804688,643.0866088867188,644.6025390625,613.3126831054688,"[250,160,395,479]"
2026-09-05T16:01:37.860+00:00,466,1,person,2.0,694.510009765625,694.510009765625,700.2034301757812,701.8807373046875,656.1138305664062,"[249,160,395,479]"
2026-09-05T16:01:38.077+00:00,467,1,person,2.0,688.7054443359375,688.7054443359375,694.8062133789062,697.2814331054688,642.1495361328125,"[250,160,396,479]"
2026-09-05T16:01:38.291+00:00,468,1,person,2.0,707.0126953125,707.0126953125,711.5873413085938,713.8095703125,667.0076904296875,"[250,160,395,479]"
2026-09-05T16:01:38.513+00:00,469,1,person,2.0,787.3936767578125,787.3936767578125,793.2222290039062,795.2237548828125,733.4937744140625,"[250,160,394,479]"
2026-09-05T16:01:38.727+00:00,470,1,person,2.0,723.9091796875,723.9091796875,729.035888671875,730.9218139648438,682.5189208984375,"[250,160,396,479]"
2026-09-05T16:01:38.950+00:00,471,1,person,2.0,742.0277709960938,742.0277709960938,747.7593994140625,749.917236328125,711.0106201171875,"[250,161,395,479]"
2026-09-05T16:01:39.165+00:00,472,1,person,2.0,772.66455078125,772.66455078125,777.7127685546875,779.9935302734375,739.7047729492188,"[251,160,395,479]"
2026-09-05T16:01:39.386+00:00,473,1,person,2.0,702.5530395507812,702.5530395507812,707.699462890625,709.8391723632812,667.7735595703125,"[251,160,396,479]"
2026-09-05T16:01:39.602+00:00,474,1,person,2.0,644.1182861328125,644.1182861328125,649.8741455078125,652.2904052734375,617.98046875,"[251,160,397,479]"
2026-09-05T16:01:39.812+00:00,475,1,person,2.0,623.1178588867188,623.1178588867188,626.6188354492188,629.2952270507812,600.6298828125,"[251,160,397,479]"
2026-09-05T16:01:40.030+00:00,476,1,person,2.0,675.8773193359375,675.8773193359375,679.6193237304688,682.0341186523438,658.1400146484375,"[251,160,396,479]"
2026-09-05T16:01:40.246+00:00,477,1,person,2.0,680.4983520507812,680.4983520507812,685.1448974609375,687.2999877929688,652.2086181640625,"[252,160,397,479]"
2026-09-05T16:01:40.460+00:00,478,1,person,2.0,705.2247924804688,705.2247924804688,711.3093872070312,714.072021484375,648.1614379882812,"[252,160,397,479]"
2026-09-05T16:01:40.675+00:00,479,1,person,2.0,655.462158203125,655.462158203125,660.4725341796875,662.198974609375,613.654296875,"[252,160,397,479]"
2026-09-05T16:01:40.892+00:00,480,1,person,2.0,650.1414184570312,650.1414184570312,655.6389770507812,657.5381469726562,606.8316040039062,"[252,160,396,479]"
2026-09-05T16:01:41.111+00:00,481,1,person,2.0,710.9537963867188,710.9537963867188,715.8002319335938,717.905517578125,670.238037109375,"[252,160,397,479]"
2026-09-05T16:01:41.327+00:00,482,1,person,2.0,713.2904663085938,713.2904663085938,718.9447021484375,721.51708984375,675.6669921875,"[251,160,396,479]"
2026-09-05T16:01:41.543+00:00,483,1,person,2.0,728.2584838867188,728.2584838867188,733.081298828125,734.9114379882812,678.007568359375,"[251,160,397,479]"
2026-09-05T16:01:41.762+00:00,484,1,person,2.0,729.544189453125,729.544189453125,734.1612548828125,735.93701171875,687.5248413085938,"[251,160,395,479]"
2026-09-05T16:01:41.981+00:00,485,1,person,2.0,707.2986450195312,707.2986450195312,713.2437744140625,715.610595703125,678.1339721679688,"[251,160,396,479]"
2026-09-05T16:01:42.201+00:00,486,1,person,2.0,722.1434326171875,722.1434326171875,727.7894287109375,729.7117309570312,682.2972412109375,"[251,160,396,479]"
2026-09-05T16:01:42.418+00:00,487,1,person,2.0,742.860107421875,742.860107421875,750.0330200195312,752.6497192382812,706.6229248046875,"[251,160,396,479]"
2026-09-05T16:01:42.633+00:00,488,1,person,2.0,767.7197265625,767.7197265625,771.9403686523438,774.09228515625,729.6259155273438,"[251,160,396,479]"
2026-09-05T16:01:42.844+00:00,489,1,person,2.0,749.686767578125,749.686767578125,754.4576416015625,756.9267578125,717.3846435546875,"[251,160,396,479]"
2026-09-05T16:02:12.514+00:00,588,1,person,2.5,695.9866943359375,695.9866943359375,700.9100952148438,702.4461669921875,679.5655517578125,"[244,190,370,479]"
2026-09-05T16:02:12.768+00:00,589,1,person,2.5,600.3008422851562,600.3008422851562,603.3409423828125,604.8933715820312,584.7838745117188,"[245,190,370,479]"
2026-09-05T16:02:12.971+00:00,590,1,person,2.5,621.2528076171875,621.2528076171875,624.8340454101562,626.5053100585938,605.1005859375,"[245,190,370,479]"
2026-09-05T16:02:13.182+00:00,591,1,person,2.5,637.2630004882812,637.2630004882812,640.1241455078125,641.6573486328125,626.4220581054688,"[245,190,370,479]"
2026-09-05T16:02:13.388+00:00,592,1,person,2.5,602.5308227539062,602.5308227539062,605.8956909179688,608.097412109375,591.765869140625,"[246,190,371,479]"
2026-09-05T16:02:13.595+00:00,593,1,person,2.5,607.8790893554688,607.8790893554688,611.3887939453125,613.1964721679688,595.3743896484375,"[246,190,371,479]"
2026-09-05T16:02:13.803+00:00,594,1,person,2.5,651.7718505859375,651.7718505859375,654.5601196289062,656.0621948242188,636.698974609375,"[246,190,371,479]"
2026-09-05T16:02:14.018+00:00,595,1,person,2.5,635.4879760742188,635.4879760742188,639.237548828125,641.2466430664062,620.7617797851562,"[246,190,371,479]"
2026-09-05T16:02:14.227+00:00,596,1,person,2.5,649.9996948242188,649.9996948242188,654.1774291992188,656.4503784179688,634.3534545898438,"[246,190,371,479]"
2026-09-05T16:02:14.437+00:00,597,1,person,2.5,619.8274536132812,619.8274536132812,622.8138427734375,624.9583740234375,606.9208984375,"[246,190,371,479]"
2026-09-05T16:02:14.643+00:00,598,1,person,2.5,642.9450073242188,642.9450073242188,646.1038208007812,648.5870361328125,629.001220703125,"[247,190,372,479]"
2026-09-05T16:02:14.847+00:00,599,1,person,2.5,676.3775634765625,676.3775634765625,679.243408203125,681.6089477539062,660.8679809570312,"[247,190,372,479]"
2026-09-05T16:02:15.060+00:00,600,1,person,2.5,636.955810546875,636.955810546875,639.9793701171875,642.3773193359375,622.3489379882812,"[247,190,373,479]"
2026-09-05T16:02:15.273+00:00,601,1,person,2.5,636.9209594726562,636.9209594726562,641.294677734375,643.667724609375,618.4549560546875,"[247,190,373,479]"
2026-09-05T16:02:15.480+00:00,602,1,person,2.5,662.893310546875,662.893310546875,667.2227783203125,669.4807739257812,646.447509765625,"[248,190,374,479]"
2026-09-05T16:02:15.688+00:00,603,1,person,2.5,637.668212890625,637.668212890625,640.296142578125,642.2352294921875,624.7835693359375,"[247,190,373,479]"
2026-09-05T16:02:15.897+00:00,604,1,person,2.5,625.2175903320312,625.2175903320312,627.239013671875,628.5661010742188,615.15380859375,"[247,190,374,479]"
2026-09-05T16:02:16.110+00:00,605,1,person,2.5,615.4952392578125,615.4952392578125,617.9500122070312,620.1930541992188,605.7561645507812,"[247,190,373,479]"
2026-09-05T16:02:16.325+00:00,606,1,person,2.5,623.734619140625,623.734619140625,626.2080078125,628.331787109375,614.4170532226562,"[247,190,372,479]"
2026-09-05T16:02:16.534+00:00,607,1,person,2.5,607.5574340820312,607.5574340820312,609.7354736328125,611.507568359375,598.5523681640625,"[246,190,372,479]"
2026-09-05T16:02:16.742+00:00,608,1,person,2.5,627.38232421875,627.38232421875,631.22314453125,633.4031982421875,613.4315185546875,"[246,190,372,479]"
2026-09-05T16:02:16.960+00:00,609,1,person,2.5,593.3070678710938,593.3070678710938,595.1947021484375,596.8096313476562,585.3273315429688,"[246,190,372,479]"
2026-09-05T16:02:17.172+00:00,610,1,person,2.5,608.7958374023438,608.7958374023438,611.0241088867188,612.70263671875,598.5430908203125,"[246,190,373,479]"
2026-09-05T16:02:17.388+00:00,611,1,person,2.5,607.4215087890625,607.4215087890625,608.6162109375,609.4547119140625,601.919921875,"[247,190,373,479]"
2026-09-05T16:02:17.602+00:00,612,1,person,2.5,620.4580688476562,620.4580688476562,622.6773681640625,624.255126953125,610.5859985351562,"[248,190,373,479]"
2026-09-05T16:02:17.815+00:00,613,1,person,2.5,622.4093627929688,622.4093627929688,624.468505859375,626.33984375,611.5006103515625,"[248,190,373,479]"
2026-09-05T16:02:18.037+00:00,614,1,person,2.5,572.193115234375,572.193115234375,574.1640014648438,575.7955932617188,561.7415161132812,"[248,190,373,479]"
2026-09-05T16:02:18.241+00:00,615,1,person,2.5,589.6085815429688,589.6085815429688,591.2711181640625,592.7245483398438,580.5546264648438,"[249,190,374,479]"
2026-09-05T16:02:18.450+00:00,616,1,person,2.5,592.1512451171875,592.1512451171875,594.9400024414062,596.6946411132812,580.5298461914062,"[249,190,374,479]"
2026-09-05T16:02:18.665+00:00,617,1,person,2.5,558.050537109375,558.050537109375,559.274169921875,560.1099853515625,549.236083984375,"[250,190,374,479]"
2026-09-05T16:03:32.039+00:00,732,1,person,3.0,598.5723266601562,598.5723266601562,599.821533203125,600.0389404296875,589.97802734375,"[330,213,446,479]"
2026-09-05T16:03:32.310+00:00,733,1,person,3.0,524.4553833007812,524.4553833007812,525.6702270507812,525.905517578125,522.910888671875,"[333,216,442,479]"
2026-09-05T16:03:32.503+00:00,734,1,person,3.0,625.9661865234375,625.9661865234375,628.0723876953125,629.34033203125,614.2446899414062,"[334,216,442,478]"
2026-09-05T16:03:32.724+00:00,735,1,person,3.0,660.49951171875,660.49951171875,662.338623046875,662.8699951171875,647.1102294921875,"[334,216,442,479]"
2026-09-05T16:03:32.921+00:00,736,1,person,3.0,602.033203125,602.033203125,603.484130859375,604.3282470703125,598.5049438476562,"[334,216,443,479]"
2026-09-05T16:03:33.121+00:00,737,1,person,3.0,656.4862060546875,656.4862060546875,657.890869140625,658.1795654296875,649.193115234375,"[334,216,443,479]"
2026-09-05T16:03:33.319+00:00,738,1,person,3.0,667.0472412109375,667.0472412109375,668.885498046875,670.0267333984375,661.689453125,"[334,216,442,479]"
2026-09-05T16:03:33.520+00:00,739,1,person,3.0,643.029541015625,643.029541015625,645.0355224609375,646.0307006835938,633.6802978515625,"[334,216,442,479]"
2026-09-05T16:03:33.714+00:00,740,1,person,3.0,677.2803344726562,677.2803344726562,678.9954223632812,679.4826049804688,664.1446533203125,"[333,216,442,479]"
2026-09-05T16:03:33.914+00:00,741,1,person,3.0,602.3304443359375,602.3304443359375,603.8770751953125,604.7583618164062,592.9382934570312,"[333,216,442,479]"
2026-09-05T16:03:34.112+00:00,742,1,person,3.0,627.8417358398438,627.8417358398438,629.766357421875,630.6257934570312,620.2637329101562,"[334,215,441,479]"
2026-09-05T16:03:34.311+00:00,743,1,person,3.0,656.794189453125,656.794189453125,658.7120971679688,658.9102783203125,643.6202392578125,"[333,215,441,479]"
2026-09-05T16:03:34.506+00:00,744,1,person,3.0,641.90673828125,641.90673828125,644.1387939453125,644.9154052734375,629.44482421875,"[333,214,441,479]"
2026-09-05T16:03:34.706+00:00,745,1,person,3.0,637.680908203125,637.680908203125,639.302734375,639.4791870117188,625.5900268554688,"[333,215,442,479]"
2026-09-05T16:03:34.895+00:00,746,1,person,3.0,652.0674438476562,652.0674438476562,652.970703125,653.0560302734375,640.22119140625,"[332,215,441,479]"
2026-09-05T16:03:35.098+00:00,747,1,person,3.0,645.7142333984375,645.7142333984375,647.3385620117188,647.832275390625,633.736572265625,"[332,214,440,479]"
2026-09-05T16:03:35.303+00:00,748,1,person,3.0,599.1461791992188,599.1461791992188,601.9155883789062,603.0772705078125,587.101806640625,"[332,214,440,479]"
2026-09-05T16:03:35.501+00:00,749,1,person,3.0,638.464111328125,638.464111328125,639.5266723632812,639.6204223632812,631.1978759765625,"[332,215,440,479]"
2026-09-05T16:03:35.699+00:00,750,1,person,3.0,645.679443359375,645.679443359375,647.471435546875,648.4600830078125,635.4821166992188,"[331,215,440,479]"
2026-09-05T16:03:35.899+00:00,751,1,person,3.0,646.9771728515625,646.9771728515625,648.2536010742188,649.3427734375,639.619384765625,"[331,215,440,479]"
2026-09-05T16:03:36.106+00:00,752,1,person,3.0,660.1331787109375,660.1331787109375,662.019775390625,663.03271484375,652.2142944335938,"[331,215,439,479]"
2026-09-05T16:03:36.307+00:00,753,1,person,3.0,590.692138671875,590.692138671875,593.37841796875,594.9119262695312,583.11474609375,"[331,215,439,479]"
2026-09-05T16:03:36.509+00:00,754,1,person,3.0,639.9617919921875,639.9617919921875,641.111083984375,642.0283203125,636.0875244140625,"[331,215,438,479]"
2026-09-05T16:03:36.706+00:00,755,1,person,3.0,620.394775390625,620.394775390625,621.3690795898438,621.9241943359375,610.695068359375,"[331,215,438,479]"
2026-09-05T16:03:36.906+00:00,756,1,person,3.0,698.842041015625,698.842041015625,700.6180419921875,701.5947265625,685.11767578125,"[331,215,438,479]"
2026-09-05T16:03:37.107+00:00,757,1,person,3.0,672.18701171875,672.18701171875,673.6429443359375,674.3228759765625,663.2215576171875,"[331,215,438,479]"
2026-09-05T16:03:37.306+00:00,758,1,person,3.0,655.338623046875,655.338623046875,656.66845703125,657.3070068359375,647.3350830078125,"[331,215,438,479]"
2026-09-05T16:03:37.510+00:00,759,1,person,3.0,697.1433715820312,697.1433715820312,698.7680053710938,700.020263671875,687.0263061523438,"[331,215,439,479]"
2026-09-05T16:03:37.723+00:00,760,1,person,3.0,658.4948120117188,658.4948120117188,660.3009033203125,661.5831298828125,651.1697998046875,"[331,215,439,479]"
2026-09-05T16:03:37.916+00:00,761,1,person,3.0,631.2506103515625,631.2506103515625,632.6856689453125,633.2635498046875,617.591552734375,"[331,215,439,479]"
2026-09-05T16:04:09.847+00:00,860,1,person,3.5,675.6843872070312,675.6843872070312,674.8245849609375,675.314208984375,667.5633544921875,"[379,243,464,479]"
2026-09-05T16:04:10.093+00:00,861,1,person,3.5,670.63037109375,670.63037109375,672.1022338867188,673.4933471679688,663.3604736328125,"[376,228,466,479]"
2026-09-05T16:04:10.295+00:00,862,1,person,3.5,715.8056640625,715.8056640625,716.5153198242188,717.0101318359375,705.9982299804688,"[377,227,466,479]"
2026-09-05T16:04:10.490+00:00,863,1,person,3.5,635.5689086914062,635.5689086914062,635.6887817382812,636.263671875,633.4307250976562,"[377,227,466,479]"
2026-09-05T16:04:10.699+00:00,864,1,person,3.5,627.0743408203125,627.0743408203125,626.7064208984375,627.1660766601562,628.790771484375,"[375,227,466,479]"
2026-09-05T16:04:10.912+00:00,865,1,person,3.5,673.3273315429688,673.3273315429688,673.5128784179688,674.4942016601562,671.342041015625,"[375,228,466,479]"
2026-09-05T16:04:11.124+00:00,866,1,person,3.5,809.90380859375,809.90380859375,810.9849853515625,811.2594604492188,806.4560546875,"[377,228,465,426]"
2026-09-05T16:04:11.334+00:00,867,1,person,3.5,741.5961303710938,741.5961303710938,741.6786499023438,741.771484375,741.2266845703125,"[377,228,464,433]"
2026-09-05T16:04:11.545+00:00,868,1,person,3.5,670.129638671875,670.129638671875,669.88330078125,670.19677734375,665.5372314453125,"[377,228,463,472]"
2026-09-05T16:04:11.757+00:00,869,1,person,3.5,624.6099243164062,624.6099243164062,624.935546875,625.0276489257812,623.0266723632812,"[377,228,464,479]"
2026-09-05T16:04:11.953+00:00,870,1,person,3.5,708.1907958984375,708.1907958984375,708.6369018554688,708.72314453125,699.4180297851562,"[377,229,464,479]"
2026-09-05T16:04:12.169+00:00,871,1,person,3.5,681.865966796875,681.865966796875,681.5171508789062,682.0068359375,674.4451293945312,"[377,230,464,479]"
2026-09-05T16:04:12.379+00:00,872,1,person,3.5,667.34130859375,667.34130859375,667.34130859375,667.6551513671875,660.5819091796875,"[377,229,464,479]"
2026-09-05T16:04:12.584+00:00,873,1,person,3.5,742.9471435546875,742.9471435546875,741.7904052734375,741.6914672851562,734.6818237304688,"[377,230,462,479]"
2026-09-05T16:04:12.796+00:00,874,1,person,3.5,762.8123779296875,762.8123779296875,762.7404174804688,762.8497314453125,756.5308227539062,"[377,230,464,479]"
2026-09-05T16:04:13.001+00:00,875,1,person,3.5,645.9750366210938,645.9750366210938,647.3675537109375,648.176513671875,637.4393310546875,"[378,229,465,479]"
2026-09-05T16:04:13.213+00:00,876,1,person,3.5,767.9146728515625,767.9146728515625,768.9656372070312,769.85595703125,758.51123046875,"[378,230,463,479]"
2026-09-05T16:04:13.430+00:00,877,1,person,3.5,717.4738159179688,717.4738159179688,718.706298828125,719.485595703125,709.0225219726562,"[377,230,464,479]"
2026-09-05T16:04:13.637+00:00,878,1,person,3.5,713.9893798828125,713.9893798828125,715.5418701171875,716.607421875,705.146484375,"[378,230,464,479]"
2026-09-05T16:04:13.842+00:00,879,1,person,3.5,637.5643920898438,637.5643920898438,637.5848999023438,638.1636352539062,629.87890625,"[378,230,465,479]"
2026-09-05T16:04:14.050+00:00,880,1,person,3.5,754.4295654296875,754.4295654296875,754.3113403320312,754.6566162109375,744.5250244140625,"[378,229,465,479]"
2026-09-05T16:04:14.246+00:00,881,1,person,3.5,723.0133056640625,723.0133056640625,723.7160034179688,724.2783203125,711.85498046875,"[378,229,464,479]"
2026-09-05T16:04:14.460+00:00,882,1,person,3.5,679.5945434570312,679.5945434570312,679.9596557617188,680.2659912109375,671.544677734375,"[378,229,464,479]"
2026-09-05T16:04:14.680+00:00,883,1,person,3.5,654.365234375,654.365234375,655.2489013671875,656.1227416992188,648.071044921875,"[378,229,466,479]"
2026-09-05T16:04:14.894+00:00,884,1,person,3.5,680.78125,680.78125,681.516357421875,682.5681762695312,671.9295043945312,"[378,229,466,479]"
2026-09-05T16:04:15.100+00:00,885,1,person,3.5,685.4317626953125,685.4317626953125,686.49755859375,687.5983276367188,678.5399169921875,"[378,229,466,479]"
2026-09-05T16:04:15.326+00:00,886,1,person,3.5,664.3312377929688,664.3312377929688,665.1696166992188,665.8670043945312,658.5096435546875,"[378,229,466,479]"
2026-09-05T16:04:15.528+00:00,887,1,person,3.5,730.1370849609375,730.1370849609375,729.963134765625,730.0972900390625,725.12353515625,"[378,229,465,479]"
2026-09-05T16:04:15.724+00:00,888,1,person,3.5,672.10986328125,672.10986328125,673.591064453125,674.4879150390625,666.3121948242188,"[377,229,466,479]"
2026-09-05T16:04:15.926+00:00,889,1,person,3.5,711.787353515625,711.787353515625,711.9138793945312,712.6216430664062,701.3461303710938,"[378,229,465,479]"
2026-09-05T16:04:41.575+00:00,972,1,person,4.0,633.9851684570312,633.9851684570312,635.1333618164062,635.814697265625,631.2843627929688,"[383,239,466,476]"
2026-09-05T16:04:41.827+00:00,973,1,person,4.0,677.7664794921875,677.7664794921875,677.49755859375,677.36865234375,673.610595703125,"[377,216,459,461]"
2026-09-05T16:04:42.037+00:00,974,1,person,4.0,650.2254028320312,650.2254028320312,650.2835083007812,650.2100219726562,646.5617065429688,"[378,216,459,449]"
2026-09-05T16:04:42.257+00:00,975,1,person,4.0,652.1011962890625,652.1011962890625,652.251220703125,652.044677734375,648.84912109375,"[378,216,460,447]"
2026-09-05T16:04:42.464+00:00,976,1,person,4.0,611.29345703125,611.29345703125,610.8602294921875,610.5051879882812,606.9935302734375,"[377,215,459,459]"
2026-09-05T16:04:42.672+00:00,977,1,person,4.0,625.4049072265625,625.4049072265625,624.24951171875,623.5634765625,621.1244506835938,"[378,215,459,462]"
2026-09-05T16:04:42.879+00:00,978,1,person,4.0,657.09716796875,657.09716796875,657.3179931640625,657.1390380859375,653.60498046875,"[377,215,459,449]"
2026-09-05T16:04:43.091+00:00,979,1,person,4.0,681.3447265625,681.3447265625,680.8956298828125,680.386962890625,678.9964599609375,"[377,215,459,448]"
2026-09-05T16:04:43.298+00:00,980,1,person,4.0,596.0654296875,596.0654296875,594.4235229492188,593.907958984375,596.286865234375,"[377,215,459,448]"
2026-09-05T16:04:43.511+00:00,981,1,person,4.0,628.9949951171875,628.9949951171875,628.4423217773438,628.3219604492188,628.5067138671875,"[377,215,459,458]"
2026-09-05T16:04:43.722+00:00,982,1,person,4.0,669.5535888671875,669.5535888671875,669.18701171875,669.0115356445312,669.24560546875,"[377,215,459,458]"
2026-09-05T16:04:43.933+00:00,983,1,person,4.0,616.1188354492188,616.1188354492188,615.746826171875,615.404052734375,611.004638671875,"[377,216,459,463]"
2026-09-05T16:04:44.146+00:00,984,1,person,4.0,641.7552490234375,641.7552490234375,641.1224975585938,640.7122802734375,638.1920776367188,"[377,215,458,451]"
2026-09-05T16:04:44.354+00:00,985,1,person,4.0,598.3150634765625,598.3150634765625,598.388427734375,598.4744873046875,593.2286376953125,"[376,215,458,468]"
2026-09-05T16:04:44.569+00:00,986,1,person,4.0,575.066162109375,575.066162109375,573.880126953125,573.361572265625,571.7127685546875,"[376,215,458,467]"
2026-09-05T16:04:44.785+00:00,987,1,person,4.0,654.2083740234375,654.2083740234375,653.0518798828125,652.9405517578125,652.2254028320312,"[376,215,458,460]"
2026-09-05T16:04:44.996+00:00,988,1,person,4.0,586.101318359375,586.101318359375,585.7784423828125,585.6986083984375,582.6616821289062,"[376,216,458,459]"
2026-09-05T16:04:45.208+00:00,989,1,person,4.0,637.98828125,637.98828125,636.7470092773438,636.390625,633.080078125,"[376,215,457,465]"
2026-09-05T16:04:45.422+00:00,990,1,person,4.0,602.12353515625,602.12353515625,600.3582763671875,599.7418212890625,597.2152709960938,"[376,215,457,471]"
2026-09-05T16:04:45.639+00:00,991,1,person,4.0,613.2811279296875,613.2811279296875,611.6292114257812,610.965576171875,609.126708984375,"[375,215,457,465]"
2026-09-05T16:04:45.855+00:00,992,1,person,4.0,658.6058349609375,658.6058349609375,657.2290649414062,656.780029296875,657.8048095703125,"[376,216,457,468]"
2026-09-05T16:04:46.071+00:00,993,1,person,4.0,683.2027587890625,683.2027587890625,682.353271484375,681.9801635742188,680.677001953125,"[376,216,457,472]"
2026-09-05T16:04:46.286+00:00,994,1,person,4.0,644.9822998046875,644.9822998046875,644.3526611328125,644.4107666015625,639.6783447265625,"[375,217,457,468]"
2026-09-05T16:04:46.500+00:00,995,1,person,4.0,614.1814575195312,614.1814575195312,613.1885986328125,613.2554931640625,609.4247436523438,"[375,217,457,464]"
2026-09-05T16:04:46.709+00:00,996,1,person,4.0,592.36474609375,592.36474609375,591.7449951171875,591.6013793945312,589.3388671875,"[375,218,457,461]"
2026-09-05T16:04:46.916+00:00,997,1,person,4.0,636.6652221679688,636.6652221679688,635.5474853515625,635.2734375,634.3483276367188,"[375,217,456,461]"
2026-09-05T16:04:47.133+00:00,998,1,person,4.0,569.7286376953125,569.7286376953125,569.3944091796875,569.1953125,567.5291137695312,"[375,217,456,455]"
2026-09-05T16:04:47.349+00:00,999,1,person,4.0,694.4342041015625,694.4342041015625,694.555419921875,694.1160278320312,687.8356323242188,"[375,218,456,465]"
2026-09-05T16:04:47.568+00:00,1000,1,person,4.0,609.891357421875,609.891357421875,609.3515625,609.0535888671875,606.4489135742188,"[375,218,456,463]"
2026-09-05T16:04:47.784+00:00,1001,1,person,4.0,670.4044189453125,670.4044189453125,670.4119262695312,670.2325439453125,664.3961181640625,"[374,217,456,461]"
