timestamp,track_id,class,distance_m,raw_midas_disparity,median_50_pct,median_30_pct,median_20_pct,median_full,bbox_xyxy
2026-09-03T20:25:06+00:00,17,person,1.0,685.33642578125,685.33642578125,688.5426025390625,687.504638671875,659.2093505859375,"[212,14,534,479]"
2026-09-03T20:25:07+00:00,17,person,1.0,731.819580078125,731.819580078125,742.40771484375,746.8190307617188,636.1876831054688,"[131,6,535,479]"
2026-09-03T20:25:07+00:00,17,person,1.0,685.9300537109375,685.9300537109375,697.298828125,700.9026489257812,549.8663330078125,"[110,11,534,479]"
2026-09-03T20:25:07+00:00,17,person,1.0,745.0665893554688,745.0665893554688,748.229248046875,749.245849609375,703.7628784179688,"[165,8,522,479]"
2026-09-03T20:25:07+00:00,17,person,1.0,743.0639038085938,743.0639038085938,743.7294311523438,743.77783203125,710.7792358398438,"[202,13,512,479]"
2026-09-03T20:25:07+00:00,17,person,1.0,785.9389038085938,785.9389038085938,792.5203857421875,795.0003662109375,749.7886352539062,"[198,31,505,479]"
2026-09-03T20:25:08+00:00,17,person,1.0,784.0242919921875,784.0242919921875,788.2828369140625,791.4630737304688,732.1192016601562,"[190,39,487,479]"
2026-09-03T20:25:08+00:00,17,person,1.0,816.6527099609375,816.6527099609375,819.4537353515625,822.4236450195312,774.03515625,"[199,45,481,479]"
2026-09-03T20:25:08+00:00,17,person,1.0,793.55224609375,793.55224609375,802.5591430664062,806.4495239257812,758.2156982421875,"[209,48,491,479]"
2026-09-03T20:25:08+00:00,17,person,1.0,772.4577026367188,772.4577026367188,781.1514892578125,784.0338134765625,749.972900390625,"[215,47,496,479]"
2026-09-03T20:25:09+00:00,17,person,1.0,826.9188842773438,826.9188842773438,836.0234375,839.1718139648438,802.9224243164062,"[222,46,496,479]"
2026-09-03T20:25:09+00:00,17,person,1.0,805.369873046875,805.369873046875,814.3684692382812,817.2138671875,782.7374267578125,"[224,43,498,479]"
2026-09-03T20:25:09+00:00,17,person,1.0,809.8052368164062,809.8052368164062,819.87353515625,822.7490844726562,782.9398193359375,"[224,39,499,479]"
2026-09-03T20:25:09+00:00,17,person,1.0,814.5516357421875,814.5516357421875,824.401123046875,827.096923828125,787.8932495117188,"[223,37,499,479]"
2026-09-03T20:25:09+00:00,17,person,1.0,816.6265869140625,816.6265869140625,824.6763305664062,826.9197387695312,790.987060546875,"[222,36,498,479]"
2026-09-03T20:25:10+00:00,17,person,1.0,783.0156860351562,783.0156860351562,787.9076538085938,790.4053955078125,756.1824340820312,"[222,36,499,479]"
2026-09-03T20:25:10+00:00,17,person,1.0,788.4901733398438,788.4901733398438,797.0011596679688,799.417236328125,763.1505126953125,"[222,34,499,479]"
2026-09-03T20:25:10+00:00,17,person,1.0,787.8239135742188,787.8239135742188,794.51123046875,796.7368774414062,761.7769165039062,"[221,34,499,479]"
2026-09-03T20:25:10+00:00,17,person,1.0,839.8406982421875,839.8406982421875,847.4632568359375,850.3671875,812.60400390625,"[221,34,499,479]"
2026-09-03T20:25:10+00:00,17,person,1.0,817.39990234375,817.39990234375,826.098876953125,828.813232421875,792.7315673828125,"[221,33,499,479]"
2026-09-03T20:25:11+00:00,17,person,1.0,803.76806640625,803.76806640625,809.068603515625,811.18115234375,779.9559326171875,"[222,33,499,479]"
2026-09-03T20:25:11+00:00,17,person,1.0,822.3643798828125,822.3643798828125,830.80419921875,833.659423828125,790.6712646484375,"[222,33,499,479]"
2026-09-03T20:25:11+00:00,17,person,1.0,803.204833984375,803.204833984375,811.7196044921875,814.295654296875,776.4939575195312,"[221,33,500,479]"
2026-09-03T20:25:11+00:00,17,person,1.0,806.966064453125,806.966064453125,815.3916015625,818.067138671875,784.707275390625,"[221,33,500,479]"
2026-09-03T20:25:11+00:00,17,person,1.0,819.2872314453125,819.2872314453125,828.1363525390625,831.1774291992188,793.9600830078125,"[221,33,499,479]"
2026-09-03T20:25:12+00:00,17,person,1.0,807.099609375,807.099609375,815.3499755859375,817.853515625,784.9490966796875,"[221,33,499,479]"
2026-09-03T20:25:12+00:00,17,person,1.0,815.0087890625,815.0087890625,823.5185546875,825.7757568359375,790.3854370117188,"[221,33,499,479]"
2026-09-03T20:25:12+00:00,17,person,1.0,793.3211669921875,793.3211669921875,802.6708374023438,805.8903198242188,763.6005859375,"[222,33,500,479]"
2026-09-03T20:25:12+00:00,17,person,1.0,768.4332885742188,768.4332885742188,774.0166015625,776.284912109375,743.2445068359375,"[222,33,499,479]"
2026-09-03T20:25:13+00:00,17,person,1.0,784.04345703125,784.04345703125,789.9874267578125,792.4639892578125,760.016845703125,"[222,33,501,479]"
2026-09-03T20:25:51+00:00,17,person,2.0,726.73876953125,726.73876953125,728.4935913085938,729.9085693359375,686.731201171875,"[177,0,519,479]"
2026-09-03T20:25:51+00:00,17,person,2.0,827.8392944335938,827.8392944335938,833.289794921875,836.8165283203125,790.4866943359375,"[181,0,538,479]"
2026-09-03T20:25:52+00:00,17,person,2.0,787.51806640625,787.51806640625,789.5234985351562,789.5843505859375,690.77978515625,"[159,21,513,479]"
2026-09-03T20:25:52+00:00,17,person,2.0,781.0148315429688,781.0148315429688,799.6480712890625,803.9725952148438,580.1962890625,"[149,65,506,479]"
2026-09-03T20:25:52+00:00,17,person,2.0,841.0347900390625,841.0347900390625,862.020263671875,866.0447998046875,696.6197509765625,"[167,127,512,479]"
2026-09-03T20:25:52+00:00,17,person,2.0,800.9142456054688,800.9142456054688,800.2749633789062,800.00732421875,703.662353515625,"[191,147,464,479]"
2026-09-03T20:25:52+00:00,17,person,2.0,962.7606201171875,962.7606201171875,968.7111206054688,968.671875,914.4906005859375,"[225,133,460,479]"
2026-09-03T20:25:53+00:00,17,person,2.0,932.296875,932.296875,933.2306518554688,933.4869384765625,856.3086547851562,"[227,138,480,479]"
2026-09-03T20:25:53+00:00,17,person,2.0,657.4508056640625,657.4508056640625,659.5626831054688,660.1685180664062,620.800048828125,"[249,157,499,479]"
2026-09-03T20:25:53+00:00,17,person,2.0,698.722412109375,698.722412109375,705.74755859375,707.5652465820312,643.5181274414062,"[258,158,507,479]"
2026-09-03T20:25:53+00:00,17,person,2.0,709.1510009765625,709.1510009765625,717.6151733398438,720.3402709960938,643.802490234375,"[262,159,518,479]"
2026-09-03T20:25:53+00:00,17,person,2.0,702.9496459960938,702.9496459960938,712.0311279296875,715.1624755859375,598.4139404296875,"[241,173,511,479]"
2026-09-03T20:25:54+00:00,17,person,2.0,744.54052734375,744.54052734375,748.5751953125,749.5687255859375,657.376708984375,"[236,179,474,479]"
2026-09-03T20:25:54+00:00,17,person,2.0,622.9486083984375,622.9486083984375,625.7769165039062,627.695068359375,587.912109375,"[244,173,447,479]"
2026-09-03T20:25:54+00:00,17,person,2.0,669.6361694335938,669.6361694335938,673.497314453125,675.117919921875,639.166015625,"[250,173,421,479]"
2026-09-03T20:25:54+00:00,17,person,2.0,660.971923828125,660.971923828125,664.3729248046875,666.0950927734375,644.104248046875,"[256,175,420,479]"
2026-09-03T20:25:54+00:00,17,person,2.0,622.32275390625,622.32275390625,626.3096313476562,627.970947265625,602.4986572265625,"[261,175,433,479]"
2026-09-03T20:25:55+00:00,17,person,2.0,595.08447265625,595.08447265625,600.7655029296875,602.3958740234375,570.130615234375,"[262,174,445,479]"
2026-09-03T20:25:55+00:00,17,person,2.0,651.6126708984375,651.6126708984375,656.7144775390625,658.5804443359375,628.8427734375,"[263,174,439,479]"
2026-09-03T20:25:55+00:00,17,person,2.0,611.9108276367188,611.9108276367188,617.1368408203125,619.198486328125,587.1785888671875,"[263,174,432,479]"
2026-09-03T20:25:55+00:00,17,person,2.0,604.791015625,604.791015625,608.8988037109375,610.5665283203125,595.2822265625,"[262,174,432,479]"
2026-09-03T20:25:55+00:00,17,person,2.0,578.0362548828125,578.0362548828125,582.9515991210938,585.07666015625,567.5545043945312,"[261,174,436,479]"
2026-09-03T20:25:56+00:00,17,person,2.0,588.5042724609375,588.5042724609375,591.4024658203125,592.9031372070312,576.9681396484375,"[262,174,437,479]"
2026-09-03T20:25:56+00:00,17,person,2.0,549.1104736328125,549.1104736328125,551.869873046875,553.2910766601562,535.4429931640625,"[262,173,436,479]"
2026-09-03T20:25:56+00:00,17,person,2.0,543.4310913085938,543.4310913085938,547.1923828125,549.1632080078125,528.5760498046875,"[261,174,435,479]"
2026-09-03T20:25:56+00:00,17,person,2.0,543.20556640625,543.20556640625,546.9755859375,548.7374877929688,525.7188720703125,"[261,173,435,479]"
2026-09-03T20:25:56+00:00,17,person,2.0,603.45361328125,603.45361328125,606.9569091796875,608.6043701171875,583.0584106445312,"[261,174,435,479]"
2026-09-03T20:25:57+00:00,17,person,2.0,611.9384765625,611.9384765625,614.6500244140625,616.0508422851562,598.17822265625,"[261,174,435,479]"
2026-09-03T20:25:57+00:00,17,person,2.0,593.5284423828125,593.5284423828125,597.4066162109375,599.3856811523438,576.4827880859375,"[261,174,435,479]"
2026-09-03T20:25:57+00:00,17,person,2.0,594.5570678710938,594.5570678710938,597.5230712890625,599.2282104492188,579.3579711914062,"[261,174,434,479]"
2026-09-03T20:26:19+00:00,20,person,1.5,768.1553955078125,768.1553955078125,765.355224609375,763.5798950195312,762.5491333007812,"[234,0,639,479]"
2026-09-03T20:26:19+00:00,20,person,1.5,768.42626953125,768.42626953125,761.1101684570312,761.2084350585938,762.2550659179688,"[222,0,617,479]"
2026-09-03T20:26:19+00:00,20,person,1.5,776.4005737304688,776.4005737304688,770.2086181640625,770.546630859375,775.1258544921875,"[225,1,622,479]"
2026-09-03T20:26:19+00:00,20,person,1.5,887.2845458984375,887.2845458984375,895.2708740234375,897.81494140625,864.0756225585938,"[180,0,601,476]"
2026-09-03T20:26:20+00:00,20,person,1.5,764.3947143554688,764.3947143554688,775.3349609375,778.3067626953125,651.0995483398438,"[155,80,582,479]"
2026-09-03T20:26:20+00:00,20,person,1.5,843.037841796875,843.037841796875,848.9722290039062,849.1341552734375,766.712158203125,"[175,189,540,479]"
2026-09-03T20:26:20+00:00,20,person,1.5,880.72705078125,880.72705078125,882.4906616210938,883.8619384765625,802.6971435546875,"[191,200,517,479]"
2026-09-03T20:26:20+00:00,20,person,1.5,879.182861328125,879.182861328125,883.634033203125,884.440185546875,767.28564453125,"[208,205,529,479]"
2026-09-03T20:26:21+00:00,20,person,1.5,818.1502685546875,818.1502685546875,817.6205444335938,818.01318359375,750.3668212890625,"[233,158,551,479]"
2026-09-03T20:26:21+00:00,20,person,1.5,775.0906372070312,775.0906372070312,774.1688232421875,774.340087890625,707.338623046875,"[271,157,619,479]"
2026-09-03T20:26:21+00:00,20,person,1.5,777.169189453125,777.169189453125,778.9725952148438,780.326171875,709.4825439453125,"[260,170,599,479]"
2026-09-03T20:26:21+00:00,20,person,1.5,715.7908935546875,715.7908935546875,719.4603271484375,720.908447265625,632.3380126953125,"[227,180,547,479]"
2026-09-03T20:26:21+00:00,20,person,1.5,887.2703857421875,887.2703857421875,895.1328735351562,897.687744140625,699.6566772460938,"[197,190,506,479]"
2026-09-03T20:26:22+00:00,20,person,1.5,961.9505615234375,961.9505615234375,970.8853759765625,973.7999267578125,826.74853515625,"[211,206,503,479]"
2026-09-03T20:26:22+00:00,20,person,1.5,665.966796875,665.966796875,670.825439453125,672.6566162109375,632.7294311523438,"[192,262,554,479]"
2026-09-03T20:26:23+00:00,20,person,1.5,596.7681884765625,596.7681884765625,602.90576171875,604.0000610351562,563.99072265625,"[200,238,554,479]"
2026-09-03T20:26:23+00:00,20,person,1.5,677.3175048828125,677.3175048828125,683.849609375,685.3624267578125,606.2225952148438,"[210,215,555,479]"
2026-09-03T20:26:23+00:00,20,person,1.5,706.1722412109375,706.1722412109375,707.9393310546875,708.43310546875,638.2345581054688,"[229,193,556,479]"
2026-09-03T20:26:23+00:00,20,person,1.5,725.1836547851562,725.1836547851562,732.1698608398438,734.0760498046875,664.8229370117188,"[251,157,539,479]"
2026-09-03T20:26:24+00:00,20,person,1.5,879.3843994140625,879.3843994140625,885.2825927734375,886.5546264648438,842.80615234375,"[256,131,509,479]"
2026-09-03T20:26:24+00:00,20,person,1.5,841.2335815429688,841.2335815429688,840.56982421875,840.9415283203125,812.6919555664062,"[244,118,479,479]"
2026-09-03T20:26:24+00:00,20,person,1.5,918.5836791992188,918.5836791992188,923.77978515625,925.7112426757812,893.9882202148438,"[252,118,475,479]"
2026-09-03T20:26:24+00:00,20,person,1.5,880.4954833984375,880.4954833984375,884.1910400390625,884.4910888671875,845.3482666015625,"[266,115,496,479]"
2026-09-03T20:26:24+00:00,20,person,1.5,873.84619140625,873.84619140625,878.442138671875,879.2714233398438,847.1881103515625,"[269,114,499,479]"
2026-09-03T20:26:25+00:00,20,person,1.5,847.363037109375,847.363037109375,850.9178466796875,852.1622314453125,823.021484375,"[269,113,498,479]"
2026-09-03T20:26:25+00:00,20,person,1.5,854.0944213867188,854.0944213867188,859.6368408203125,861.3084106445312,832.2264404296875,"[270,112,497,479]"
2026-09-03T20:26:25+00:00,20,person,1.5,838.9263305664062,838.9263305664062,839.4042358398438,839.2503662109375,808.6140747070312,"[271,112,498,479]"
2026-09-03T20:26:25+00:00,20,person,1.5,884.9360961914062,884.9360961914062,890.0704345703125,892.0354614257812,858.69873046875,"[270,112,497,479]"
2026-09-03T20:26:25+00:00,20,person,1.5,841.1849975585938,841.1849975585938,844.7195434570312,846.1769409179688,822.998779296875,"[269,112,496,479]"
2026-09-03T20:26:26+00:00,20,person,1.5,857.3182373046875,857.3182373046875,865.5037841796875,867.520263671875,831.400390625,"[269,113,496,479]"
2026-09-03T20:26:45+00:00,22,person,2.5,786.7569580078125,786.7569580078125,789.0626220703125,789.0455322265625,766.396484375,"[248,0,639,478]"
